<?xml version="1.0" encoding="UTF-8"?>
<config xmlns="http://www.knime.org/2008/09/XMLConfig" xmlns:xsi="http://www.w3.org/2001/XMLSchema-instance" xsi:schemaLocation="http://www.knime.org/2008/09/XMLConfig http://www.knime.org/XMLConfig_2008_09.xsd" key="model.xml">
    <entry key="version" type="xint" value="1"/>
    <entry key="class_name" type="xstring" value="org.knime.base.data.normalize.NormalizerPortObject"/>
    <config key="model">
        <config key="columns">
            <config key="age">
                <entry key="column_name" type="xstring" value="age"/>
                <entry key="column_scale" type="xdouble" value="0.014285714285714285"/>
                <entry key="column_translate" type="xdouble" value="-0.2571428571428571"/>
                <entry key="column_min" type="xdouble" value="0.0"/>
                <entry key="column_max" type="xdouble" value="1.0"/>
            </config>
            <config key="duration">
                <entry key="column_name" type="xstring" value="duration"/>
                <entry key="column_scale" type="xdouble" value="2.744990392533626E-4"/>
                <entry key="column_translate" type="xdouble" value="0.0"/>
                <entry key="column_min" type="xdouble" value="0.0"/>
                <entry key="column_max" type="xdouble" value="1.0"/>
            </config>
            <config key="campaign">
                <entry key="column_name" type="xstring" value="campaign"/>
                <entry key="column_scale" type="xdouble" value="0.029411764705882353"/>
                <entry key="column_translate" type="xdouble" value="-0.029411764705882353"/>
                <entry key="column_min" type="xdouble" value="0.0"/>
                <entry key="column_max" type="xdouble" value="1.0"/>
            </config>
            <config key="pdays">
                <entry key="column_name" type="xstring" value="pdays"/>
                <entry key="column_scale" type="xdouble" value="0.001001001001001001"/>
                <entry key="column_translate" type="xdouble" value="0.0"/>
                <entry key="column_min" type="xdouble" value="0.0"/>
                <entry key="column_max" type="xdouble" value="1.0"/>
            </config>
            <config key="previous">
                <entry key="column_name" type="xstring" value="previous"/>
                <entry key="column_scale" type="xdouble" value="0.16666666666666666"/>
                <entry key="column_translate" type="xdouble" value="0.0"/>
                <entry key="column_min" type="xdouble" value="0.0"/>
                <entry key="column_max" type="xdouble" value="1.0"/>
            </config>
            <config key="emp.var.rate">
                <entry key="column_name" type="xstring" value="emp.var.rate"/>
                <entry key="column_scale" type="xdouble" value="0.20833333333333334"/>
                <entry key="column_translate" type="xdouble" value="0.7083333333333334"/>
                <entry key="column_min" type="xdouble" value="0.0"/>
                <entry key="column_max" type="xdouble" value="1.0"/>
            </config>
            <config key="cons.price.idx">
                <entry key="column_name" type="xstring" value="cons.price.idx"/>
                <entry key="column_scale" type="xdouble" value="0.3897116134060791"/>
                <entry key="column_translate" type="xdouble" value="-35.9318004676539"/>
                <entry key="column_min" type="xdouble" value="0.0"/>
                <entry key="column_max" type="xdouble" value="1.0"/>
            </config>
            <config key="cons.conf.idx">
                <entry key="column_name" type="xstring" value="cons.conf.idx"/>
                <entry key="column_scale" type="xdouble" value="0.041841004184100423"/>
                <entry key="column_translate" type="xdouble" value="2.1255230125523012"/>
                <entry key="column_min" type="xdouble" value="0.0"/>
                <entry key="column_max" type="xdouble" value="1.0"/>
            </config>
            <config key="euribor3m">
                <entry key="column_name" type="xstring" value="euribor3m"/>
                <entry key="column_scale" type="xdouble" value="0.22675736961451246"/>
                <entry key="column_translate" type="xdouble" value="-0.1439909297052154"/>
                <entry key="column_min" type="xdouble" value="0.0"/>
                <entry key="column_max" type="xdouble" value="1.0"/>
            </config>
            <config key="nr.employed">
                <entry key="column_name" type="xstring" value="nr.employed"/>
                <entry key="column_scale" type="xdouble" value="0.003780718336483932"/>
                <entry key="column_translate" type="xdouble" value="-18.765973534971646"/>
                <entry key="column_min" type="xdouble" value="0.0"/>
                <entry key="column_max" type="xdouble" value="1.0"/>
            </config>
        </config>
        <entry key="summary" type="xstring" value="Min/Max (0.0, 1) normalization on 10 column(s)"/>
    </config>
</config>
